timestamp,status,service,lat,long,alt
1475186966481836547,0,1,37.39393866666666,-122.114272,-42.5
1475186967482110752,0,1,37.393808,-122.11426133333333,-42.5
1475186968471026535,0,1,37.39368,-122.11426133333333,-42.5
1475186969482026733,0,1,37.39355466666667,-122.11426133333333,-42.5
1475186970482618114,0,1,37.393432,-122.11426133333333,-42.5
1475186971482360796,0,1,37.393309333333335,-122.11426133333333,-42.5
1475186972481672876,0,1,37.39318933333333,-122.11426133333333,-42.5
1475186973482193092,0,1,37.39306933333334,-122.11426133333333,-42.5
1475186974481664087,0,1,37.392957333333335,-122.11426133333333,-42.5
1475186975493750469,0,1,37.392845333333334,-122.11426133333333,-42.5
1475186976492955887,0,1,37.392736,-122.11426133333333,-42.5
1475186977493407878,0,1,37.392632,-122.11426133333333,-42.5
1475186978492863676,0,1,37.392530666666666,-122.11426133333333,-42.5
1475186979493129309,0,1,37.392432,-122.11426133333333,-42.5
1475186980493072615,0,1,37.392341333333334,-122.11426133333333,-42.5
1475186981493176088,0,1,37.39225066666667,-122.11426133333333,-42.5
1475186982493390709,0,1,37.39216,-122.11426133333333,-42.5
1475186983493259948,0,1,37.392064,-122.11426133333333,-42.5
1475186984481697609,0,1,37.391968,-122.11426133333333,-42.5
1475186985481970036,0,1,37.391864,-122.11426133333333,-42.5
1475186986481752716,0,1,37.39175733333333,-122.11426133333333,-42.5
1475186987481721466,0,1,37.39165066666666,-122.11426133333333,-42.5
1475186988492983230,0,1,37.391536,-122.11426133333333,-42.5
1475186989481778731,0,1,37.39141866666667,-122.114272,-42.5
1475186990481810011,0,1,37.39130133333333,-122.114272,-42.5
1475186991482217933,0,1,37.391181333333336,-122.114272,-42.5
1475186992470978665,0,1,37.391064,-122.114272,-42.5
1475186993482097542,0,1,37.390946666666665,-122.114272,6.0
1475186994470642333,0,1,37.39082666666667,-122.11428266666667,6.0
1475186995482148784,0,1,37.390704,-122.11428266666667,6.0
1475186996470735995,0,1,37.390576,-122.11428266666667,6.0
1475186997482470082,0,1,37.390448,-122.11428266666667,6.0
1475186998482194374,0,1,37.390317333333336,-122.11428266666667,6.0
1475186999470473422,0,1,37.390186666666665,-122.11428266666667,6.0
1475187000470866189,0,1,37.39005066666667,-122.11428266666667,6.0
1475187001468424338,0,1,37.38991733333334,-122.11428266666667,6.0
1475187002470323482,0,1,37.38978133333333,-122.11428266666667,6.0
1475187003470751260,0,1,37.389645333333334,-122.11428266666667,6.0
1475187004468306048,0,1,37.389509333333336,-122.11428266666667,6.0
1475187005468511834,0,1,37.38937333333333,-122.11428266666667,6.0
1475187006468487432,0,1,37.389237333333334,-122.11428266666667,6.0
1475187007482108480,0,1,37.389104,-122.11428266666667,6.0
1475187008482157411,0,1,37.38897333333333,-122.114272,6.0
1475187009468345793,0,1,37.38884266666667,-122.114272,6.0
1475187010482456045,0,1,37.388714666666665,-122.114272,6.0
1475187011482188114,0,1,37.38858666666667,-122.114272,6.0
1475187012483694097,0,1,37.388456,-122.114272,6.0
1475187013483213351,0,1,37.388328,-122.114272,6.0
1475187014492531455,0,1,37.38819733333333,-122.11426133333333,6.0
1475187015471100139,0,1,37.38806666666667,-122.11426133333333,6.0
1475187016468370444,0,1,37.387933333333336,-122.11426133333333,6.0
1475187017468286740,0,1,37.38779733333333,-122.11426133333333,6.0
1475187018482804393,0,1,37.387661333333334,-122.11426133333333,6.0
1475187019482620447,0,1,37.387525333333336,-122.11426133333333,6.0
1475187020482894511,0,1,37.38738933333333,-122.11426133333333,6.0
1475187021482938236,0,1,37.38725066666667,-122.11426133333333,6.0
1475187022470399602,0,1,37.387112,-122.11426133333333,6.0
1475187023471687835,0,1,37.386976,-122.114272,6.0
1475187024470768281,0,1,37.386842666666666,-122.114272,6.0
1475187025470663583,0,1,37.386712,-122.11426133333333,6.0
1475187026471600308,0,1,37.386584,-122.114272,6.0
1475187027483560420,0,1,37.38645866666667,-122.114272,6.0
1475187028482784475,0,1,37.38633866666667,-122.114272,6.0
1475187029482754023,0,1,37.38622133333333,-122.114272,6.0
1475187030483644869,0,1,37.38610933333333,-122.114272,6.0
1475187031482900006,0,1,37.385997333333336,-122.114272,6.0
1475187032483148458,0,1,37.38589066666667,-122.114272,6.0
1475187033482953521,0,1,37.385789333333335,-122.114272,6.0
1475187034482750393,0,1,37.385688,-122.114272,6.0
1475187035478274751,0,1,37.38559466666667,-122.114272,6.0
1475187036473228877,0,1,37.38550133333333,-122.114272,6.0
1475187037482957522,0,1,37.385416,-122.114272,6.0
1475187038472525420,0,1,37.38533866666667,-122.11428266666667,6.0
1475187039483307329,0,1,37.38526933333333,-122.11428266666667,6.0
1475187040472659019,0,1,37.385210666666666,-122.11428266666667,6.0
1475187041482676394,0,1,37.385168,-122.11428266666667,6.0
1475187042483006682,0,1,37.385136,-122.11428266666667,6.0
1475187043472819256,0,1,37.38512,-122.11428266666667,6.0
1475187044482502695,0,1,37.38511466666667,-122.11428266666667,6.0
1475187045482812208,0,1,37.385112,-122.11428266666667,6.0
1475187046491937117,0,1,37.385112,-122.11428266666667,6.0
1475187047482650555,0,1,37.385112,-122.11428266666667,6.0
1475187048491630431,0,1,37.385112,-122.11428266666667,6.0
1475187049491821406,0,1,37.385112,-122.11428266666667,6.0
1475187050491279447,0,1,37.385112,-122.11428266666667,6.0
1475187051492213888,0,1,37.385112,-122.11428266666667,6.0
1475187052494573376,0,1,37.385112,-122.11428266666667,6.0
1475187053491788645,0,1,37.385112,-122.11428266666667,6.0
1475187054491304270,0,1,37.385112,-122.11428266666667,6.0
1475187055491797249,0,1,37.385112,-122.11428266666667,6.0
1475187056492094739,0,1,37.385112,-122.11428266666667,6.0
1475187057492584070,0,1,37.38510933333333,-122.11428266666667,6.0
1475187058492264268,0,1,37.385104,-122.11428266666667,6.0
1475187059493826478,0,1,37.385085333333336,-122.11428266666667,6.0
1475187060492392066,0,1,37.385050666666665,-122.114272,6.0
1475187061492483693,0,1,37.385002666666665,-122.114272,6.0
1475187062492460288,0,1,37.384946666666664,-122.114272,6.0
1475187063492512920,0,1,37.38488,-122.114272,6.0
1475187064492451053,0,1,37.38480533333333,-122.114272,6.0
1475187065482115502,0,1,37.38472266666667,-122.114272,6.0
1475187066482342456,0,1,37.38463733333333,-122.11426133333333,6.0
1475187067482058336,0,1,37.384544,-122.11426133333333,6.0
1475187068492656086,0,1,37.384448,-122.11426133333333,6.0
1475187069482638429,0,1,37.38434933333333,-122.11426133333333,6.0
1475187070481834351,0,1,37.384248,-122.11426133333333,6.0
1475187071482158342,0,1,37.384144,-122.11426133333333,6.0
1475187072469371336,0,1,37.384042666666666,-122.11426133333333,6.0
1475187073468468014,0,1,37.383938666666666,-122.11426133333333,6.0
1475187074482361380,0,1,37.38383733333333,-122.11426133333333,6.0
1475187075482061001,0,1,37.383738666666666,-122.11426133333333,6.0
1475187076481952165,0,1,37.383648,-122.11426133333333,6.0
1475187077478250762,0,1,37.38356533333334,-122.11426133333333,6.0
1475187078479134690,0,1,37.38349066666667,-122.11426133333333,6.0
1475187079481975178,0,1,37.383416,-122.11426133333333,6.0
1475187080479164163,0,1,37.383344,-122.11426133333333,6.0
1475187081479137643,0,1,37.383274666666665,-122.11426133333333,6.0
1475187082481940262,0,1,37.383197333333335,-122.11426133333333,6.0
1475187083468646150,0,1,37.383122666666665,-122.11426133333333,6.0
1475187084479165409,0,1,37.38304,-122.11426133333333,6.0
1475187085479185212,0,1,37.38295466666667,-122.11426133333333,6.0
1475187086471268553,0,1,37.382872,-122.11426133333333,6.0
1475187087479141522,0,1,37.382789333333335,-122.11426133333333,6.0
1475187088479063150,0,1,37.38270933333333,-122.11426133333333,6.0
1475187089479186094,0,1,37.382629333333334,-122.11426133333333,6.0
1475187090491301007,0,1,37.38254933333333,-122.11426133333333,6.0
1475187091491456827,0,1,37.38247466666667,-122.11426133333333,6.0
1475187092495186492,0,1,37.3824,-122.11426133333333,6.0
1475187093479364477,0,1,37.382328,-122.11426133333333,6.0
1475187094479041086,0,1,37.38226133333333,-122.114272,6.0
1475187095479088405,0,1,37.382189333333336,-122.114272,6.0
1475187096479092528,0,1,37.38211733333333,-122.114272,6.0
1475187097489849073,0,1,37.38203466666667,-122.114272,6.0
1475187098478307949,0,1,37.38194933333333,-122.11428266666667,6.0
1475187099479082666,0,1,37.381856,-122.11428266666667,6.0
1475187100479152367,0,1,37.381768,-122.11428266666667,6.0
1475187101479275241,0,1,37.38168,-122.11428266666667,6.0
1475187102479124351,0,1,37.38159733333333,-122.11428266666667,6.0
1475187103479182743,0,1,37.38151466666667,-122.114272,6.0
1475187104479091842,0,1,37.381424,-122.114272,6.0
1475187105479048286,0,1,37.381336,-122.114272,6.0
1475187106479966219,0,1,37.381242666666665,-122.114272,6.0
1475187107489073391,0,1,37.38114933333333,-122.114272,6.0
1475187108489593443,0,1,37.381061333333335,-122.114272,6.0
1475187109489345713,0,1,37.38097066666667,-122.114272,6.0
1475187110479287244,0,1,37.38088533333333,-122.114272,6.0
1475187111479284893,0,1,37.38080266666667,-122.114272,6.0
1475187112469269623,0,1,37.38071733333334,-122.114272,6.0
1475187113479193481,0,1,37.380634666666666,-122.114272,6.0
1475187114493193302,0,1,37.380544,-122.114272,6.0
1475187115492854834,0,1,37.380453333333335,-122.11428266666667,6.0
1475187116492492887,0,1,37.38036266666667,-122.11428266666667,6.0
1475187117490237188,0,1,37.38027733333333,-122.11428266666667,6.0
1475187118490249620,0,1,37.380192,-122.11428266666667,6.0
1475187119492354445,0,1,37.380122666666665,-122.11428266666667,6.0
1475187120493155159,0,1,37.380066666666664,-122.11428266666667,6.0
1475187121492808438,0,1,37.380024,-122.11428266666667,6.0
1475187122489676080,0,1,37.379997333333336,-122.11428266666667,6.0
1475187123479019845,0,1,37.379976,-122.11428266666667,6.0
1475187124479020616,0,1,37.379962666666664,-122.11428266666667,6.0
1475187125492870616,0,1,37.379952,-122.11428266666667,6.0
1475187126493171790,0,1,37.379941333333335,-122.11428266666667,6.0
1475187127478921032,0,1,37.37992533333333,-122.11428266666667,6.0
1475187128479215127,0,1,37.379904,-122.11428266666667,6.0
1475187129494014938,0,1,37.379872,-122.11428266666667,6.0
1475187130493416718,0,1,37.37983466666667,-122.11428266666667,6.0
1475187131478993541,0,1,37.379792,-122.11428266666667,6.0
1475187132478929858,0,1,37.37975466666666,-122.11428266666667,6.0
1475187133492984967,0,1,37.379704,-122.11428266666667,6.0
1475187134492985910,0,1,37.379648,-122.11428266666667,6.0
1475187135479395261,0,1,37.379584,-122.11428266666667,6.0
1475187136479044965,0,1,37.37950933333333,-122.11428266666667,6.0
1475187137493412093,0,1,37.379424,-122.11428266666667,6.0
1475187138493745274,0,1,37.37933866666667,-122.11428266666667,6.0
1475187139479185191,0,1,37.379250666666664,-122.11428266666667,6.0
1475187140478223019,0,1,37.379168,-122.11428266666667,6.0
1475187141478890491,0,1,37.379085333333336,-122.11428266666667,6.0
1475187142478857323,0,1,37.37900533333333,-122.11428266666667,6.0
1475187143478837383,0,1,37.37893066666667,-122.11428266666667,6.0
1475187144479011566,0,1,37.378856,-122.11428266666667,6.0
1475187145469071324,0,1,37.378784,-122.11428266666667,6.0
1475187146478836377,0,1,37.37871466666667,-122.11428266666667,6.0
1475187147478885744,0,1,37.378642666666664,-122.11428266666667,6.0
1475187148478908504,0,1,37.37856266666667,-122.11428266666667,6.0
1475187149478804612,0,1,37.37848266666666,-122.11428266666667,6.0
1475187150478891887,0,1,37.378394666666665,-122.11428266666667,6.0
1475187151478833762,0,1,37.378304,-122.11428266666667,6.0
1475187152478781224,0,1,37.378208,-122.11428266666667,6.0
1475187153478839823,0,1,37.378109333333335,-122.11428266666667,6.0
1475187154478814928,0,1,37.37800266666667,-122.11428266666667,6.0
1475187155478936532,0,1,37.37789866666667,-122.11428266666667,6.0
1475187156479099054,0,1,37.377792,-122.11428266666667,6.0
1475187157478785472,0,1,37.37769333333333,-122.114272,6.0
1475187158478793940,0,1,37.377597333333334,-122.11428266666667,6.0
1475187159468434351,0,1,37.37750666666667,-122.11428266666667,6.0
1475187160469097917,0,1,37.377418666666664,-122.11428266666667,6.0
1475187161469266620,0,1,37.37732533333333,-122.11428266666667,6.0
1475187162478761904,0,1,37.37722933333333,-122.11428266666667,6.0
1475187163478792866,0,1,37.37712533333333,-122.114272,6.0
1475187164478783244,0,1,37.377018666666665,-122.114272,6.0
1475187165478797662,0,1,37.37690933333333,-122.114272,6.0
1475187166478878036,0,1,37.3768,-122.11428266666667,6.0
1475187167470052374,0,1,37.376688,-122.11428266666667,6.0
1475187168478715454,0,1,37.37657333333333,-122.11428266666667,6.0
1475187169478740435,0,1,37.376458666666664,-122.11428266666667,6.0
1475187170478799279,0,1,37.376344,-122.11429333333334,6.0
1475187171478741578,0,1,37.376229333333335,-122.11429333333334,6.0
1475187172478725433,0,1,37.37611733333333,-122.114304,6.0
1475187173478758266,0,1,37.37600533333333,-122.114304,6.0
1475187174493657988,0,1,37.375898666666664,-122.11431466666667,6.0
1475187175478668251,0,1,37.37579733333333,-122.11431466666667,6.0
1475187176478664977,0,1,37.375696,-122.11431466666667,6.0
1475187177493339451,0,1,37.3756,-122.11431466666667,6.0
1475187178478868742,0,1,37.375504,-122.11431466666667,6.0
1475187179478679671,0,1,37.375416,-122.114304,6.0
1475187180478689158,0,1,37.375328,-122.114304,6.0
1475187181478801974,0,1,37.375242666666665,-122.114304,6.0
1475187182490532895,0,1,37.37516,-122.114304,6.0
1475187183478639681,0,1,37.375082666666664,-122.114304,6.0
1475187184478643692,0,1,37.375013333333335,-122.114304,6.0
1475187185478779471,0,1,37.37495466666667,-122.114304,6.0
1475187186478642154,0,1,37.374904,-122.114304,6.0
1475187187478913292,0,1,37.37486666666667,-122.114304,6.0
1475187188478654896,0,1,37.374842666666666,-122.114304,6.0
1475187189478683222,0,1,37.37482933333333,-122.114304,6.0
1475187190478676701,0,1,37.37482133333334,-122.114304,6.0
1475187191478644559,0,1,37.374816,-122.114304,6.0
1475187192478944404,0,1,37.37481066666667,-122.114304,6.0
1475187193478623470,0,1,37.374808,-122.114304,6.0
1475187194491175001,0,1,37.374805333333335,-122.114304,6.0
1475187195478689750,0,1,37.374805333333335,-122.114304,6.0
1475187196478639098,0,1,37.374805333333335,-122.114304,6.0
1475187197478892717,0,1,37.374805333333335,-122.114304,6.0
1475187198478878126,0,1,37.37480266666667,-122.114304,6.0
1475187199478868490,0,1,37.374794666666666,-122.114304,6.0
1475187200491190014,0,1,37.37477066666667,-122.114304,6.0
1475187201491411319,0,1,37.374736,-122.114304,6.0
1475187202478631646,0,1,37.374690666666666,-122.114304,6.0
1475187203479155744,0,1,37.37463733333333,-122.114304,6.0
1475187204478549407,0,1,37.374584,-122.114304,6.0
1475187205468574807,0,1,37.37452533333333,-122.114304,6.0
1475187206470191852,0,1,37.374461333333336,-122.114304,6.0
1475187207468676760,0,1,37.37438933333333,-122.114304,6.0
1475187208468764724,0,1,37.374309333333336,-122.114304,6.0
1475187209478607058,0,1,37.374224,-122.114304,6.0
1475187210478546338,0,1,37.37413333333333,-122.114304,6.0
1475187211478574221,0,1,37.37404266666667,-122.114304,6.0
1475187212478560894,0,1,37.37394666666667,-122.114304,6.0
1475187213478600973,0,1,37.373856,-122.114304,6.0
1475187214478856997,0,1,37.373768,-122.11429333333334,6.0
1475187215478570175,0,1,37.373685333333334,-122.11429333333334,6.0
1475187216478594761,0,1,37.373616,-122.11429333333334,6.0
1475187217478557038,0,1,37.37356,-122.11432533333333,6.0
1475187218478734218,0,1,37.373522666666666,-122.114368,6.0
1475187219490578601,0,1,37.373504,-122.114432,6.0
1475187220469110892,0,1,37.37350933333333,-122.114496,6.0
1475187221469744282,0,1,37.373541333333336,-122.11457066666667,6.0
1475187222490667145,0,1,37.37359466666667,-122.11464533333333,6.0
1475187223478540269,0,1,37.37366133333333,-122.11473066666667,6.0
1475187224469604749,0,1,37.373741333333335,-122.11482666666667,6.0
1475187225478532992,0,1,37.373832,-122.11492266666667,6.0
1475187226478541582,0,1,37.373930666666666,-122.11504,6.0
1475187227478456093,0,1,37.374037333333334,-122.11515733333333,6.0
1475187228478516797,0,1,37.374149333333335,-122.11527466666666,6.0
1475187229478521192,0,1,37.374264,-122.11540266666667,6.0
1475187230478449953,0,1,37.374384,-122.11553066666667,6.0
1475187231488557687,0,1,37.374509333333336,-122.11565866666666,6.0
1475187232478566808,0,1,37.374632,-122.11578666666666,6.0
1475187233488363808,0,1,37.374752,-122.115904,6.0
1475187234488316597,0,1,37.37487733333333,-122.116032,6.0
1475187235489082507,0,1,37.375,-122.11614933333334,6.0
1475187236489144572,0,1,37.37512266666667,-122.11626666666666,6.0
1475187237488303940,0,1,37.375248,-122.116384,6.0
1475187238489299524,0,1,37.37537066666667,-122.11649066666666,6.0
1475187239490277274,0,1,37.375498666666665,-122.116608,6.0
1475187240490190619,0,1,37.375624,-122.11672533333333,6.0
1475187241489244116,0,1,37.37574933333333,-122.116832,6.0
1475187242469097741,0,1,37.375872,-122.11693866666667,6.0
1475187243468808486,0,1,37.375994666666664,-122.11703466666667,6.0
1475187244470099192,0,1,37.37611733333333,-122.11714133333334,6.0
1475187245489300216,0,1,37.376237333333336,-122.11723733333334,6.0
1475187246489326663,0,1,37.376354666666664,-122.11733333333333,6.0
1475187247468734402,0,1,37.37646933333333,-122.11741866666667,6.0
1475187248488814896,0,1,37.376581333333334,-122.117504,6.0
1475187249489094953,0,1,37.376688,-122.11758933333333,6.0
1475187250489005130,0,1,37.376789333333335,-122.11767466666667,6.0
1475187251468864635,0,1,37.376885333333334,-122.11774933333334,6.0
1475187252489276795,0,1,37.376976,-122.117824,6.0
1475187253489244090,0,1,37.37706133333333,-122.117888,6.0
1475187254488982768,0,1,37.377141333333334,-122.117952,6.0
1475187255470025219,0,1,37.37721066666667,-122.11800533333333,6.0
1475187256468635908,0,1,37.37726933333333,-122.118048,6.0
1475187257470136411,0,1,37.377322666666664,-122.11809066666666,6.0
1475187258470382901,0,1,37.377376,-122.11813333333333,6.0
1475187259469534890,0,1,37.377434666666666,-122.11818666666667,6.0
1475187260468831774,0,1,37.377501333333335,-122.11824,6.0
1475187261468832271,0,1,37.377578666666665,-122.118304,6.0
1475187262489017176,0,1,37.37766666666667,-122.118368,6.0
1475187263488703010,0,1,37.37776266666667,-122.11844266666667,6.0
1475187264487847986,0,1,37.377864,-122.11851733333333,6.0
1475187265488841770,0,1,37.37797066666667,-122.11860266666666,6.0
1475187266488905869,0,1,37.378082666666664,-122.118688,6.0
1475187267490217697,0,1,37.37819733333333,-122.118784,6.0
1475187268489969057,0,1,37.37831466666667,-122.11886933333334,6.0
1475187269468636952,0,1,37.378432,-122.11896533333334,6.0
1475187270468985651,0,1,37.378554666666666,-122.11906133333333,6.0
1475187271469467881,0,1,37.37868,-122.11915733333333,6.0
1475187272468600192,0,1,37.37880533333333,-122.11925333333333,6.0
1475187273468602744,0,1,37.378933333333336,-122.11934933333333,6.0
1475187274469706029,0,1,37.379064,-122.119456,6.0
1475187275468491785,0,1,37.37919466666666,-122.119552,6.0
1475187276468332469,0,1,37.379325333333334,-122.11965866666667,6.0
1475187277488700799,0,1,37.379456,-122.11975466666667,6.0
1475187278469251422,0,1,37.379584,-122.11985066666666,6.0
1475187279468333220,0,1,37.37970933333333,-122.11994666666666,6.0
1475187280488740860,0,1,37.379832,-122.12004266666666,6.0
1475187281482651274,0,1,37.379952,-122.12013866666666,6.0
1475187282482833128,0,1,37.380074666666665,-122.12023466666666,6.0
1475187283469324398,0,1,37.380192,-122.12032,6.0
1475187284468587906,0,1,37.38030933333334,-122.120416,6.0
1475187285482606398,0,1,37.38042933333333,-122.12050133333334,6.0
1475187286482670143,0,1,37.380552,-122.12059733333334,6.0
1475187287468142431,0,1,37.380674666666664,-122.12069333333334,6.0
1475187288482431950,0,1,37.3808,-122.12078933333333,6.0
1475187289482608387,0,1,37.380928,-122.12088533333333,6.0
1475187290468581114,0,1,37.38105066666667,-122.12098133333333,6.0
1475187291468274710,0,1,37.381176,-122.12106666666666,6.0
1475187292469333661,0,1,37.381298666666666,-122.12116266666666,6.0
1475187293468493442,0,1,37.381416,-122.12125866666666,6.0
1475187294482324929,0,1,37.38153333333333,-122.121344,6.0
1475187295482775953,0,1,37.381656,-122.12144,6.0
1475187296468458590,0,1,37.381781333333336,-122.121536,6.0
1475187297468525054,0,1,37.381904,-122.121632,6.0
1475187298482477329,0,1,37.382032,-122.121728,6.0
1475187299482213794,0,1,37.382162666666666,-122.121824,6.0
1475187300482469814,0,1,37.38229066666667,-122.12193066666667,6.0
1475187301492930021,0,1,37.382424,-122.12203733333334,6.0
1475187302482685479,0,1,37.38255733333333,-122.122144,6.0
1475187303468601675,0,1,37.382696,-122.12225066666667,6.0
1475187304482492073,0,1,37.38283466666667,-122.122368,6.0
1475187305468897281,0,1,37.382978666666666,-122.12248533333333,6.0
1475187306482065325,0,1,37.38312533333333,-122.12260266666667,6.0
1475187307482614876,0,1,37.383274666666665,-122.12272,6.0
1475187308468950683,0,1,37.383424,-122.12283733333334,6.0
1475187309482752958,0,1,37.383576,-122.12296533333334,6.0
1475187310468292050,0,1,37.383730666666665,-122.12309333333333,6.0
1475187311469244123,0,1,37.383888,-122.12321066666667,6.0
1475187312468822937,0,1,37.384042666666666,-122.12333866666667,6.0
1475187313468823223,0,1,37.38420266666667,-122.12346666666667,6.0
1475187314481809291,0,1,37.384357333333334,-122.12359466666666,6.0
1475187315481782286,0,1,37.384517333333335,-122.123712,6.0
1475187316482068942,0,1,37.38467466666667,-122.12384,6.0
1475187317481966558,0,1,37.384832,-122.123968,6.0
1475187318481670976,0,1,37.38498933333333,-122.124096,6.0
1475187319468944286,0,1,37.38514933333333,-122.12421333333333,6.0
1475187320469708471,0,1,37.385306666666665,-122.12434133333333,6.0
1475187321468958675,0,1,37.385464,-122.12446933333334,6.0
1475187322482078394,0,1,37.385624,-122.12458666666667,6.0
1475187323469886002,0,1,37.385784,-122.12471466666666,6.0
1475187324481765447,0,1,37.385944,-122.124832,6.0
1475187325481767103,0,1,37.386104,-122.12496,6.0
1475187326469523683,0,1,37.386264,-122.125088,6.0
1475187327469339442,0,1,37.386424,-122.12520533333333,6.0
1475187328481909406,0,1,37.38658133333333,-122.12533333333333,6.0
1475187329469713989,0,1,37.386736,-122.12546133333333,6.0
1475187330481536971,0,1,37.38689333333333,-122.12557866666667,6.0
1475187331469444025,0,1,37.387048,-122.12570666666667,6.0
1475187332481612330,0,1,37.387205333333334,-122.125824,6.0
1475187333481345517,0,1,37.38736266666667,-122.125952,6.0
1475187334469204666,0,1,37.38752266666667,-122.12606933333333,6.0
1475187335469780118,0,1,37.38768266666667,-122.12619733333334,6.0
1475187336481432300,0,1,37.38784533333333,-122.12632533333333,6.0
1475187337481864651,0,1,37.388010666666666,-122.12645333333333,6.0
1475187338469936992,0,1,37.38817866666667,-122.12657066666667,6.0
1475187339469215995,0,1,37.388344,-122.12669866666667,6.0
1475187340469232775,0,1,37.388512,-122.126816,6.0
1475187341470012663,0,1,37.38868266666667,-122.12692266666667,6.0
1475187342481611350,0,1,37.38885066666667,-122.12704,6.0
1475187343469367682,0,1,37.389018666666665,-122.12714666666666,6.0
1475187344458728076,0,1,37.389189333333334,-122.127264,6.0
1475187345469493681,0,1,37.389357333333336,-122.12737066666666,6.0
1475187346481629316,0,1,37.389522666666664,-122.12747733333333,6.0
1475187347470117010,0,1,37.38969066666667,-122.12759466666667,6.0
1475187348481347852,0,1,37.389856,-122.12770133333333,6.0
1475187349482331994,0,1,37.39002133333334,-122.127808,6.0
1475187350458694369,0,1,37.390186666666665,-122.12791466666667,6.0
1475187351490609686,0,1,37.39034933333333,-122.12802133333334,6.0
1475187352469741977,0,1,37.39051466666667,-122.128128,6.0
1475187353469851360,0,1,37.39068,-122.12823466666667,6.0
1475187354469114105,0,1,37.39084533333333,-122.12834133333334,6.0
1475187355469088939,0,1,37.39101333333333,-122.12845866666666,6.0
1475187356458819543,0,1,37.391184,-122.12856533333333,6.0
1475187357459319852,0,1,37.39135733333333,-122.12868266666666,6.0
1475187358469360979,0,1,37.391533333333335,-122.1288,6.0
1475187359459088296,0,1,37.39170933333333,-122.12891733333333,6.0
1475187360490782738,0,1,37.39189066666667,-122.12903466666667,6.0
1475187361468813452,0,1,37.392072,-122.129152,6.0
1475187362469878509,0,1,37.392253333333336,-122.12928,6.0
1475187363459221089,0,1,37.39243733333333,-122.12938666666666,6.0
1475187364459204967,0,1,37.392618666666664,-122.12951466666667,6.0
1475187365459071155,0,1,37.39280266666667,-122.129632,6.0
1475187366468815254,0,1,37.392984,-122.12974933333334,6.0
1475187367458987161,0,1,37.39316266666667,-122.12986666666667,6.0
1475187368459022391,0,1,37.39334133333333,-122.129984,6.0
1475187369459484462,0,1,37.39352,-122.13010133333333,6.0
1475187370459027311,0,1,37.393696,-122.13021866666666,6.0
1475187371459048925,0,1,37.393872,-122.13032533333333,6.0
1475187372490127826,0,1,37.394050666666665,-122.13044266666667,6.0
1475187373459232612,0,1,37.394229333333335,-122.13056,6.0
1475187374469624554,0,1,37.394402666666664,-122.13067733333334,6.0
1475187375459357601,0,1,37.394581333333335,-122.130784,6.0
1475187376459124872,0,1,37.39475733333333,-122.13090133333333,6.0
1475187377459228400,0,1,37.394933333333334,-122.13101866666666,6.0
1475187378468765517,0,1,37.39510933333333,-122.131136,6.0
1475187379459680737,0,1,37.39528266666667,-122.13125333333333,6.0
1475187380459219962,0,1,37.395453333333336,-122.13137066666667,6.0
1475187381459915013,0,1,37.39562133333333,-122.131488,6.0
1475187382459232690,0,1,37.39578933333333,-122.13159466666667,6.0
1475187383459250186,0,1,37.395952,-122.131712,6.0
1475187384471617422,0,1,37.396109333333335,-122.13182933333333,6.0
1475187385471581812,0,1,37.39626666666667,-122.13194666666666,6.0
1475187386471122917,0,1,37.396421333333336,-122.13205333333333,6.0
1475187387470428107,0,1,37.396573333333336,-122.13217066666667,-42.5
1475187388470955256,0,1,37.39672,-122.13227733333333,-42.5
1475187389459076131,0,1,37.39686666666667,-122.132384,-42.5
1475187390468888000,0,1,37.397008,-122.13249066666667,-42.5
1475187391469518354,0,1,37.39714933333333,-122.13259733333334,-42.5
1475187392469405503,0,1,37.397285333333336,-122.13269333333334,-42.5
1475187393468666889,0,1,37.397416,-122.13278933333333,-42.5
1475187394458989366,0,1,37.397544,-122.13288533333333,-42.5
1475187395459535339,0,1,37.39766933333333,-122.132992,-42.5
1475187396459609793,0,1,37.397784,-122.133088,-42.5
1475187397468890105,0,1,37.397896,-122.133184,-42.5
1475187398459749623,0,1,37.398,-122.13329066666667,-42.5
1475187399459542155,0,1,37.39809866666667,-122.13338666666667,-42.5
1475187400459343668,0,1,37.398189333333335,-122.133504,-42.5
1475187401468865798,0,1,37.398272,-122.13361066666667,-42.5
1475187402468859112,0,1,37.39834666666667,-122.13371733333334,-42.5
1475187403469435755,0,1,37.39841333333333,-122.13381333333334,-42.5
1475187404469401982,0,1,37.398472,-122.13389866666667,-42.5
1475187405468808579,0,1,37.398522666666665,-122.13397333333333,-42.5
1475187406468550017,0,1,37.39856266666666,-122.13403733333334,-42.5
1475187407469047363,0,1,37.398597333333335,-122.13409066666667,-42.5
1475187408468827568,0,1,37.39862133333333,-122.13413333333334,-42.5
1475187409470647606,0,1,37.39863733333333,-122.13415466666666,-42.5
1475187410469066721,0,1,37.39864266666667,-122.13416533333333,-42.5
1475187411468864559,0,1,37.39864266666667,-122.134176,-42.5
1475187412469783413,0,1,37.39864266666667,-122.134176,-42.5
1475187413469437569,0,1,37.39864266666667,-122.134176,-42.5
1475187414468779198,0,1,37.39864266666667,-122.134176,-42.5
1475187415469705291,0,1,37.39864266666667,-122.134176,-42.5
1475187416459312254,0,1,37.39864266666667,-122.134176,-42.5
1475187417459065528,0,1,37.39864266666667,-122.134176,-42.5
1475187418469631475,0,1,37.39864266666667,-122.134176,-42.5
1475187419458591555,0,1,37.39864266666667,-122.134176,-42.5
1475187420458827696,0,1,37.39864266666667,-122.134176,-42.5
1475187421458781268,0,1,37.39864266666667,-122.134176,-42.5
1475187422458567138,0,1,37.39864266666667,-122.134176,-42.5
1475187423459303753,0,1,37.39864266666667,-122.134176,-42.5
1475187424458538539,0,1,37.39864266666667,-122.134176,-42.5
1475187425458584666,0,1,37.39864266666667,-122.134176,-42.5
1475187426459561893,0,1,37.39864266666667,-122.134176,-42.5
1475187427459295334,0,1,37.39864266666667,-122.134176,-42.5
1475187428468736920,0,1,37.39864266666667,-122.134176,-42.5
1475187429468961278,0,1,37.39864266666667,-122.134176,-42.5
1475187430471290284,0,1,37.39864266666667,-122.134176,-42.5
1475187431470109775,0,1,37.39864266666667,-122.134176,-42.5
1475187432469749849,0,1,37.39864266666667,-122.134176,-42.5
1475187433458811150,0,1,37.39864266666667,-122.134176,-42.5
1475187434469605598,0,1,37.39864266666667,-122.134176,-42.5
1475187435469495746,0,1,37.39864266666667,-122.134176,-42.5
1475187436458576771,0,1,37.39864266666667,-122.134176,-42.5
1475187437469638135,0,1,37.39864266666667,-122.134176,-42.5
1475187438470113306,0,1,37.39864266666667,-122.134176,-42.5
1475187439470878469,0,1,37.39864266666667,-122.134176,-42.5
1475187440469599718,0,1,37.39864266666667,-122.134176,-42.5
1475187441470005282,0,1,37.39864266666667,-122.134176,-42.5
1475187442470825227,0,1,37.39864266666667,-122.134176,-42.5
1475187443470312992,0,1,37.39864266666667,-122.134176,-42.5
1475187444469051934,0,1,37.39864266666667,-122.134176,-42.5
1475187445470801423,0,1,37.39864266666667,-122.134176,-42.5
1475187446469563483,0,1,37.39864266666667,-122.134176,-42.5
1475187447469501607,0,1,37.39864266666667,-122.134176,-42.5
1475187448468814080,0,1,37.39864266666667,-122.134176,-42.5
1475187449469496624,0,1,37.39864266666667,-122.134176,-42.5
1475187450458789030,0,1,37.39864266666667,-122.134176,-42.5
1475187451470428016,0,1,37.39864266666667,-122.134176,-42.5
1475187452469313441,0,1,37.39864266666667,-122.134176,-42.5
1475187453469019680,0,1,37.39864266666667,-122.134176,-42.5
1475187454470736868,0,1,37.39864266666667,-122.134176,-42.5
1475187455469298819,0,1,37.39864266666667,-122.134176,-42.5
1475187456469488492,0,1,37.39864266666667,-122.134176,-42.5
1475187457469667824,0,1,37.39864266666667,-122.134176,-42.5
1475187458480133249,0,1,37.39864266666667,-122.134176,-42.5
1475187459469385121,0,1,37.39864266666667,-122.134176,-42.5
1475187460459870925,0,1,37.39864266666667,-122.134176,-42.5
1475187461458597374,0,1,37.39864266666667,-122.134176,-42.5
1475187462468839851,0,1,37.39864266666667,-122.134176,-42.5
1475187463458779930,0,1,37.398645333333334,-122.134176,-42.5
1475187464469996253,0,1,37.398645333333334,-122.134176,-42.5
1475187465460660131,0,1,37.398653333333336,-122.13418666666666,-42.5
1475187466468763074,0,1,37.398664,-122.134208,-42.5
1475187467470702661,0,1,37.398688,-122.13425066666667,-42.5
1475187468469326208,0,1,37.39871733333333,-122.134304,-42.5
1475187469469384291,0,1,37.398752,-122.134368,-42.5
1475187470468982898,0,1,37.39878933333333,-122.13444266666667,-42.5
1475187471469241696,0,1,37.398832,-122.134528,-42.5
1475187472470182146,0,1,37.39887733333333,-122.13463466666667,-42.5
1475187473469309791,0,1,37.39892533333333,-122.13474133333334,-42.5
1475187474479496493,0,1,37.39897333333333,-122.13485866666667,-42.5
1475187475469072770,0,1,37.399024,-122.13498666666666,-42.5
1475187476469600922,0,1,37.39908,-122.13512533333333,-42.5
1475187477469143567,0,1,37.399136,-122.13527466666666,-42.5
1475187478469135927,0,1,37.39919733333333,-122.13543466666667,-42.5
1475187479468932228,0,1,37.399261333333335,-122.13559466666666,-42.5
1475187480479976672,0,1,37.399328,-122.13576533333334,-42.5
1475187481469686482,0,1,37.39939733333333,-122.13594666666667,-42.5
1475187482469199272,0,1,37.39946666666667,-122.136128,-42.5
1475187483469473821,0,1,37.39954133333333,-122.13632,-42.5
1475187484468883030,0,1,37.399616,-122.136512,-42.5
1475187485469409327,0,1,37.399696,-122.136704,-42.5
1475187486469555465,0,1,37.39978133333334,-122.136896,-42.5
1475187487468889189,0,1,37.399872,-122.137088,-42.5
1475187488469717622,0,1,37.399973333333335,-122.13728,-42.5
1475187489468544473,0,1,37.40007466666667,-122.13746133333333,-42.5
1475187490468517182,0,1,37.400181333333336,-122.13765333333333,-42.5
1475187491469440781,0,1,37.40029066666666,-122.13783466666666,-42.5
1475187492469135127,0,1,37.400402666666665,-122.138016,-42.5
1475187493469384418,0,1,37.400512,-122.138208,-42.5
1475187494469632528,0,1,37.400624,-122.13838933333334,-42.5
1475187495469116805,0,1,37.400733333333335,-122.13858133333333,-42.5
1475187496469900812,0,1,37.40084266666667,-122.13876266666666,-42.5
1475187497469135480,0,1,37.400954666666664,-122.13895466666666,-42.5
1475187498469612418,0,1,37.401066666666665,-122.139136,-42.5
1475187499469764283,0,1,37.40117866666667,-122.13931733333334,-42.5
1475187500459382045,0,1,37.40129066666667,-122.13950933333334,-42.5
1475187501468787307,0,1,37.40140266666667,-122.13969066666667,-42.5
1475187502459133636,0,1,37.401514666666664,-122.13988266666667,-42.5
1475187503458872184,0,1,37.401624,-122.140064,-42.5
1475187504469026368,0,1,37.40173333333333,-122.140256,-42.5
1475187505459498806,0,1,37.40184266666667,-122.14043733333334,-42.5
1475187506464738589,0,1,37.40195466666667,-122.14062933333334,-42.5
1475187507458903508,0,1,37.402064,-122.14081066666667,-42.5
1475187508479044730,0,1,37.402176,-122.140992,-42.5
1475187509459132495,0,1,37.402282666666665,-122.14117333333333,-42.5
1475187510459144326,0,1,37.402394666666666,-122.14136533333334,-42.5
1475187511468955989,0,1,37.40250133333333,-122.14154666666667,-42.5
1475187512468985448,0,1,37.40261066666667,-122.14173866666667,-42.5
1475187513469454226,0,1,37.402717333333335,-122.14192,-42.5
1475187514470216102,0,1,37.402824,-122.142112,-42.5
1475187515469671512,0,1,37.402925333333336,-122.142304,-42.5
1475187516459010704,0,1,37.403024,-122.14248533333334,-42.5
1475187517459061608,0,1,37.403117333333334,-122.14267733333334,-42.5
1475187518469087212,0,1,37.403208,-122.14285866666667,-42.5
1475187519469116984,0,1,37.403296,-122.14304,-42.5
1475187520469135897,0,1,37.403381333333336,-122.14322133333333,-42.5
1475187521469145396,0,1,37.40346133333333,-122.143392,-42.5
1475187522469126879,0,1,37.40354133333334,-122.14356266666667,-42.5
1475187523469163357,0,1,37.403616,-122.14373333333333,-42.5
1475187524469169012,0,1,37.40369066666667,-122.14389333333334,-42.5
1475187525469180974,0,1,37.40376533333333,-122.14404266666666,-42.5
1475187526469226122,0,1,37.40383466666667,-122.144192,-42.5
1475187527469233616,0,1,37.40389866666667,-122.14434133333333,-42.5
1475187528486399124,0,1,37.403962666666665,-122.14448,-42.5
1475187529469649590,0,1,37.404024,-122.14461866666667,-42.5
1475187530469271260,0,1,37.40407733333333,-122.14474666666666,-42.5
1475187531474444656,0,1,37.40412533333333,-122.14485333333333,-42.5
1475187532474751205,0,1,37.40418666666667,-122.144928,-42.5
1475187533470420019,0,1,37.404237333333334,-122.144992,-42.5
1475187534469938781,0,1,37.40429066666667,-122.14501333333334,-42.5
1475187535474830335,0,1,37.40433066666667,-122.145024,-42.5
1475187536469725480,0,1,37.40436533333333,-122.14501333333334,-42.5
1475187537459131003,0,1,37.404384,-122.14500266666667,-42.5
1475187538469398112,0,1,37.404397333333335,-122.14500266666667,-42.5
1475187539469291204,0,1,37.40440266666667,-122.144992,-42.5
1475187540469214155,0,1,37.404408,-122.144992,-42.5
1475187541469233216,0,1,37.40442133333333,-122.14498133333333,-42.5
1475187542469313261,0,1,37.40444,-122.14496,-42.5
1475187543469296496,0,1,37.40445866666666,-122.144928,-42.5
1475187544469871192,0,1,37.40446933333333,-122.14487466666667,-42.5
1475187545469282628,0,1,37.404474666666665,-122.14482133333334,-42.5
1475187546486953328,0,1,37.404466666666664,-122.14475733333333,-42.5
1475187547469321088,0,1,37.404453333333336,-122.14468266666667,-42.5
1475187548469588065,0,1,37.40442933333333,-122.144608,-42.5
1475187549469621543,0,1,37.40439466666667,-122.14453333333333,-42.5
1475187550469625177,0,1,37.404349333333336,-122.144448,-42.5
1475187551469399041,0,1,37.40429066666667,-122.144384,-42.5
1475187552469423762,0,1,37.40422133333333,-122.14433066666666,-42.5
1475187553469448247,0,1,37.40414666666667,-122.14427733333333,-42.5
1475187554492273058,0,1,37.404074666666666,-122.144224,-42.5
1475187555469518576,0,1,37.40400266666666,-122.14414933333333,-42.5
1475187556469460151,0,1,37.403944,-122.144064,-42.5
1475187557469456567,0,1,37.403888,-122.143968,-42.5
1475187558469734937,0,1,37.40383466666667,-122.14385066666667,-42.5
1475187559475063047,0,1,37.403781333333335,-122.14373333333333,-42.5
1475187560469520597,0,1,37.403725333333334,-122.14360533333333,-42.5
1475187561469570971,0,1,37.40366933333333,-122.143488,-42.5
1475187562469550842,0,1,37.403610666666665,-122.14334933333333,-42.5
1475187563469551104,0,1,37.40354933333333,-122.14322133333333,-42.5
1475187564473911494,0,1,37.403488,-122.14308266666667,-42.5
1475187565469656486,0,1,37.40341866666667,-122.14295466666667,-42.5
1475187566473868443,0,1,37.40334933333333,-122.142816,-42.5
1475187567473754656,0,1,37.403277333333335,-122.14267733333334,-42.5
1475187568474052637,0,1,37.403202666666665,-122.14254933333333,-42.5
1475187569473797557,0,1,37.403128,-122.14241066666666,-42.5
1475187570473827817,0,1,37.403050666666665,-122.14228266666667,-42.5
1475187571474286989,0,1,37.402976,-122.14215466666667,-42.5
1475187572473829497,0,1,37.402896,-122.14202666666667,-42.5
1475187573473829567,0,1,37.40281866666667,-122.141888,-42.5
1475187574474102462,0,1,37.402738666666664,-122.14176,-42.5
1475187575473913063,0,1,37.402656,-122.141632,-42.5
1475187576474104308,0,1,37.402576,-122.14149333333333,-42.5
1475187577474156539,0,1,37.402496,-122.14135466666667,-42.5
1475187578474082887,0,1,37.402416,-122.14122666666667,-42.5
1475187579473882564,0,1,37.402330666666664,-122.141088,-42.5
1475187580474437143,0,1,37.40225066666667,-122.14093866666667,-42.5
1475187581474168446,0,1,37.402165333333336,-122.1408,-42.5
1475187582473924030,0,1,37.40208,-122.14066133333333,-42.5
1475187583474150812,0,1,37.401997333333334,-122.14052266666667,-42.5
1475187584474119957,0,1,37.401912,-122.140384,-42.5
1475187585473971680,0,1,37.40182933333333,-122.14023466666667,-42.5
1475187586474453222,0,1,37.401744,-122.140096,-42.5
1475187587473920297,0,1,37.40166133333334,-122.13995733333333,-42.5
1475187588474099353,0,1,37.401578666666666,-122.139808,-42.5
1475187589474167059,0,1,37.401496,-122.13966933333333,-42.5
1475187590473923797,0,1,37.40141066666666,-122.13952,-42.5
1475187591474905057,0,1,37.40132533333333,-122.13938133333333,-42.5
1475187592474939621,0,1,37.40124,-122.13924266666666,-42.5
1475187593473935256,0,1,37.40115733333333,-122.13909333333334,-42.5
1475187594473976585,0,1,37.401072,-122.13895466666666,-42.5
1475187595468172274,0,1,37.400989333333335,-122.138816,-42.5
1475187596468159091,0,1,37.400906666666664,-122.138688,-42.5
1475187597468157186,0,1,37.40082666666667,-122.13854933333333,-42.5
1475187598475213032,0,1,37.40074933333333,-122.13842133333333,-42.5
1475187599468181597,0,1,37.400672,-122.13829333333334,-42.5
1475187600468166804,0,1,37.4006,-122.13816533333333,-42.5
1475187601475676074,0,1,37.400528,-122.13803733333333,-42.5
1475187602468205959,0,1,37.400458666666665,-122.13792,-42.5
1475187603457946719,0,1,37.40038666666667,-122.137792,-42.5
1475187604468208502,0,1,37.400317333333334,-122.137664,-42.5
1475187605468216637,0,1,37.400248,-122.137536,-42.5
1475187606468183959,0,1,37.400184,-122.13739733333334,-42.5
1475187607467977700,0,1,37.400125333333335,-122.13725866666667,-42.5
1475187608468013493,0,1,37.400069333333334,-122.13712,-42.5
1475187609468202492,0,1,37.40001866666667,-122.13697066666667,-42.5
1475187610468009073,0,1,37.39997066666667,-122.13682133333333,-42.5
1475187611458008378,0,1,37.39992,-122.13666133333334,-42.5
1475187612467951369,0,1,37.399872,-122.136512,-42.5
1475187613457955527,0,1,37.399821333333335,-122.13636266666667,-42.5
1475187614484957737,0,1,37.399773333333336,-122.13621333333333,-42.5
1475187615468062814,0,1,37.399725333333336,-122.136064,-42.5
1475187616468000692,0,1,37.39968,-122.13591466666666,-42.5
1475187617467974084,0,1,37.39963733333333,-122.135776,-42.5
1475187618468098112,0,1,37.399594666666665,-122.13563733333334,-42.5
1475187619458016119,0,1,37.39955466666667,-122.13550933333333,-42.5
1475187620458074836,0,1,37.399517333333336,-122.13538133333333,-42.5
1475187621458035142,0,1,37.399482666666664,-122.13525333333334,-42.5
1475187622458002506,0,1,37.399464,-122.13512533333333,-42.5
1475187623460341634,0,1,37.399456,-122.13499733333333,-42.5
1475187624458464783,0,1,37.399456,-122.13488,-42.5
1475187625458491841,0,1,37.399461333333335,-122.13477333333333,-42.5
1475187626460495710,0,1,37.399461333333335,-122.13467733333333,-42.5
1475187627473895254,0,1,37.399461333333335,-122.134592,-42.5
1475187628474120746,0,1,37.399453333333334,-122.13450666666667,-42.5
1475187629473932995,0,1,37.399442666666666,-122.13444266666667,-42.5
1475187630473834265,0,1,37.39942933333333,-122.1344,-42.5
1475187631474063523,0,1,37.399416,-122.13437866666666,-42.5
1475187632473800136,0,1,37.39941066666667,-122.13435733333333,-42.5
1475187633473740468,0,1,37.399408,-122.13435733333333,-42.5
1475187634474668117,0,1,37.399408,-122.13434666666667,-42.5
1475187635458382970,0,1,37.399405333333334,-122.13434666666667,-42.5
1475187636458090567,0,1,37.39940266666667,-122.13434666666667,-42.5
1475187637450719135,0,1,37.39940266666667,-122.13434666666667,-42.5
1475187638458252503,0,1,37.39940266666667,-122.13434666666667,-42.5
1475187639459275548,0,1,37.39940266666667,-122.134336,-42.5
1475187640457967049,0,1,37.39939733333333,-122.13432533333334,-42.5
1475187641458191006,0,1,37.39938933333333,-122.13431466666667,-42.5
1475187642473740130,0,1,37.399365333333336,-122.13428266666666,-42.5
1475187643474098009,0,1,37.399330666666664,-122.13425066666667,-42.5
1475187644474205209,0,1,37.399290666666666,-122.13421866666667,-42.5
1475187645473639168,0,1,37.39924533333333,-122.13418666666666,-42.5
1475187646473680377,0,1,37.39919733333333,-122.134144,-42.5
1475187647473554620,0,1,37.399152,-122.13410133333333,-42.5
1475187648473285842,0,1,37.399117333333336,-122.13403733333334,-42.5
1475187649473543720,0,1,37.39909866666667,-122.13397333333333,-42.5
1475187650473834618,0,1,37.399104,-122.133888,-42.5
1475187651473312258,0,1,37.399136,-122.13381333333334,-42.5
1475187652473480491,0,1,37.399176,-122.13371733333334,-42.5
1475187653473260402,0,1,37.39922133333334,-122.13362133333334,-42.5
1475187654473585322,0,1,37.39926666666667,-122.133504,-42.5
1475187655474265177,0,1,37.399317333333336,-122.13338666666667,-42.5
1475187656473366280,0,1,37.39937333333334,-122.13325866666666,-42.5
1475187657473538360,0,1,37.39942933333333,-122.13312,-42.5
1475187658473266829,0,1,37.399488,-122.13298133333333,-42.5
1475187659472964132,0,1,37.399544,-122.13284266666666,-42.5
1475187660472955652,0,1,37.39959733333333,-122.13271466666667,-42.5
1475187661473438529,0,1,37.399648,-122.13259733333334,-42.5
1475187662473357370,0,1,37.399690666666665,-122.13249066666667,-42.5
1475187663472872628,0,1,37.399728,-122.13240533333334,-42.5
1475187664473311509,0,1,37.39975733333333,-122.13233066666666,-42.5
1475187665472798497,0,1,37.39978133333334,-122.13226666666667,-42.5
1475187666472761820,0,1,37.399794666666665,-122.13223466666666,-42.5
1475187667473242110,0,1,37.399802666666666,-122.13221333333334,-42.5
1475187668472754514,0,1,37.39981066666667,-122.13220266666667,-42.5
1475187669472693510,0,1,37.39981066666667,-122.132192,-42.5
1475187670472897022,0,1,37.399813333333334,-122.132192,-42.5
1475187671472645506,0,1,37.399813333333334,-122.132192,-42.5
1475187672472856881,0,1,37.399813333333334,-122.132192,-42.5
1475187673472819843,0,1,37.399813333333334,-122.132192,-42.5
1475187674472552660,0,1,37.399813333333334,-122.132192,-42.5
1475187675473150277,0,1,37.399813333333334,-122.132192,-42.5
1475187676473694210,0,1,37.399813333333334,-122.132192,-42.5
1475187677473429952,0,1,37.399813333333334,-122.132192,-42.5
1475187678473675831,0,1,37.399813333333334,-122.132192,-42.5
1475187679474134938,0,1,37.399813333333334,-122.132192,-42.5
1475187680473626540,0,1,37.399813333333334,-122.132192,-42.5
1475187681473595996,0,1,37.399813333333334,-122.132192,-42.5
1475187682473578360,0,1,37.399813333333334,-122.132192,-42.5
1475187683464537468,0,1,37.399813333333334,-122.132192,-42.5
1475187684472990015,0,1,37.399813333333334,-122.132192,-42.5
1475187685473528357,0,1,37.399813333333334,-122.132192,-42.5
1475187686472962390,0,1,37.399813333333334,-122.132192,-42.5
1475187687472182718,0,1,37.399813333333334,-122.132192,-42.5
1475187688472158772,0,1,37.399813333333334,-122.132192,-42.5
1475187689472105641,0,1,37.399813333333334,-122.132192,-42.5
1475187690471841003,0,1,37.399813333333334,-122.132192,-42.5
1475187691472062834,0,1,37.399813333333334,-122.132192,-42.5
1475187692471895738,0,1,37.399813333333334,-122.132192,-42.5
1475187693458150692,0,1,37.399813333333334,-122.132192,-42.5
1475187694472225611,0,1,37.399813333333334,-122.132192,-42.5
1475187695471816957,0,1,37.399813333333334,-122.132192,-42.5
1475187696472170483,0,1,37.399813333333334,-122.132192,-42.5
1475187697472971751,0,1,37.399813333333334,-122.132192,-42.5
1475187698472074419,0,1,37.399813333333334,-122.132192,-42.5
1475187699457898463,0,1,37.399813333333334,-122.132192,-42.5
1475187700457892030,0,1,37.39981866666667,-122.13218133333334,-42.5
1475187701472091246,0,1,37.39982666666667,-122.13216,-42.5
1475187702472133259,0,1,37.39984533333333,-122.13211733333333,-42.5
1475187703473134901,0,1,37.39986666666667,-122.132064,-42.5
1475187704473067317,0,1,37.39989333333333,-122.132,-42.5
1475187705472386750,0,1,37.399925333333336,-122.13192533333333,-42.5
1475187706473378422,0,1,37.39996,-122.13184,-42.5
1475187707472105976,0,1,37.4,-122.131744,-42.5
1475187708472311158,0,1,37.40004533333333,-122.13163733333333,-42.5
1475187709472996546,0,1,37.400090666666664,-122.13152,-42.5
1475187710469805062,0,1,37.400136,-122.13140266666667,-42.5
1475187711469809593,0,1,37.400181333333336,-122.131296,-42.5
1475187712457953786,0,1,37.40021866666667,-122.1312,-42.5
1475187713457930304,0,1,37.400250666666665,-122.131104,-42.5
1475187714469957613,0,1,37.400277333333335,-122.13102933333333,-42.5
1475187715472298118,0,1,37.400304,-122.13095466666667,-42.5
1475187716457903992,0,1,37.400325333333335,-122.13088,-42.5
1475187717457898125,0,1,37.400346666666664,-122.13082666666666,-42.5
1475187718457893443,0,1,37.400362666666666,-122.13077333333334,-42.5
1475187719457935642,0,1,37.40037866666667,-122.13073066666666,-42.5
1475187720469619434,0,1,37.40038933333334,-122.130688,-42.5
1475187721469997772,0,1,37.4004,-122.13066666666667,-42.5
1475187722457893482,0,1,37.40040533333333,-122.130656,-42.5
1475187723469484561,0,1,37.40040533333333,-122.13064533333333,-42.5
1475187724469973032,0,1,37.40040533333333,-122.13064533333333,-42.5
1475187725457906392,0,1,37.400402666666665,-122.13063466666667,-42.5
